Workbook

Sheet Sheet1
A2: 1 cup flour | B2: 120 grams | C2: 4.2 oz | D2: Medium Onion | E2: 150-170 Grams
A3: 1 cup whole wheat flour | B3: 130 grams | C3: 4.6 oz | D3: Small Onion | E3: 125 grams
A4: 1 cup almond flour | B4: 112 grams | C4: 3.9 oz | D4: Tomato Large | E4: 180 grams
A5: 1 cup whole milk | B5: 240 grams | C5: 8.6 oz | D5: Tomato Medium | E5: 120 grams
A6: 1 cup Oil | B6: 225 grams | D6: Tomato Small | E6: 90 grams
A7: 1 Cup Chopped Onion | B7: 52 grams | D7: Potato Medium | E7: 150 grams
A8: 1 Cup Chickpeas | B8: 166 grams | D8: Cucumber 1 pcs | E8: 300 grams
A9: 1 Cup Raw Rice | B9: 200 grams | D9: Garlic Clove | E9: 14 grams
A10: 1 cup Yogurt | B10: 240 grams | C10: 8.6 oz | D10: Chicken Breast Weight | E10: 174 grams | F10: =0.174*3 -> 0.522
A11: 1 cup sugar | B11: 200 grams | C11: 7.1 oz | D11: Bell Pepper 1 Pcs | E11: 130 grams
A12: 1 cup Vinegar | B12: 230 grams | D12: Butter Tablespoon | E12: 14 grams
A13: 1 Cup Cheese Cheddar | B13: 120 grams | D13: Carrot Small | E13: 54 grams
A14: 1 Cup Mayonnaise | B14: 230 grams
A15: 1 Cup Spring Onion | B15: 104 grams
A16: 1 Cup Vermicelli | B16: 230 grams
A17: 1 Cup Lemon Juice | B17: 230 grams
A18: 1 cup Butter | B18: 240 grams
A19: 1 cup Olives | B19: 180 grams
A20: 1 cup brown sugar | B20: 220 grams | C20: 7.8 oz
A21: 1 cup powdered sugar | B21: 115 grams | C21: 4.1 oz
A22: Honey | B22: 340 grams
A23: 1 cup oatmeal | B23: 100 grams | C23: 3.6 oz
A25: Cup | B25: Fluid Ounce | C25: TBSP | D25: TSP | E25: Milliliter
A26: 1 cup | B26: 8 oz | C26: 16 Tbsp | D26: 48 tsp | E26: 237 ml
A27: 3/4 cup | B27: 6 oz | C27: 12 Tbsp | D27: 36 tsp | E27: 177 ml
A28: 2/3 cup | B28: 5 1/3 oz | C28: 10.6 Tbsp | D28: 32 tsp | E28: 158 ml
A29: 1/2 cup | B29: 4 oz | C29: 8 Tbsp | D29: 24 tsp | E29: 118 ml
A30: 1/3 cup | B30: 2 2/3 oz | C30: 5.3 Tbsp | D30: 16 tsp | E30: 79 ml
A31: 1/4 cup | B31: 2 oz | C31: 4 Tbsp | D31: 12 tsp | E31: 59 ml
A32: 1/8 cup | B32: 1 oz | C32: 2 Tbsp | D32: 6 tsp | E32: 30 ml
A33: 1/16 cup | B33: 1/2 oz | C33: 1 Tbsp | D33: 3 tsp | E33: 15 ml

Sheet Recipes
A1: Recipes Consolidate
A2: Dish Name | B2: Dish Category | C2: Dish Type | D2: Ingredients | E2: Qty | F2: UOM | G2: BBQ Rates | H2: Amount | I2: Dish UOM | J2: Meat Type | K2: Site Rates | L2: Amount
A3: Achar | B3: Chatni & Sauces | C3: Achar | D3: Apple Vinegar | E3: 0.012 | F3: KG | G3: 480 | H3: =G3*E3 -> 5.76 | I3: Kg | J3: 0 | K3: =VLOOKUP(D3,Ingredients!C:G,4,0) -> 500 | L3: =K3*E3 -> 6
A4: Achar | B4: Chatni & Sauces | C4: Achar | D4: Mint (Podina) | E4: 0.01 | F4: KG | G4: 8 | H4: =G4*E4 -> 0.08 | I4: Kg | J4: 0 | K4: =VLOOKUP(D4,Ingredients!C:G,5,0) -> 6 | L4: =K4*E4 -> 0.06
A5: Achar | B5: Chatni & Sauces | C5: Achar | D5: RED CHILLI CRUSH | E5: 0.006 | F5: KG | G5: 1000 | H5: =G5*E5 -> 6 | I5: Kg | J5: 0 | K5: =VLOOKUP(D5,Ingredients!C:G,5,0) -> 950 | L5: =K5*E5 -> 5.7
A6: Achar | B6: Chatni & Sauces | C6: Achar | D6: CARAWAY SEED (KALONJI) | E6: 0.01 | F6: KG | G6: 700 | H6: =G6*E6 -> 7 | I6: Kg | J6: 0 | K6: =VLOOKUP(D6,Ingredients!C:G,5,0) -> 700 | L6: =K6*E6 -> 7
A7: Achar | B7: Chatni & Sauces | C7: Achar | D7: SUGAR | E7: 0.1 | F7: KG | G7: 149 | H7: =G7*E7 -> 14.9 | I7: Kg | J7: 0 | K7: =VLOOKUP(D7,Ingredients!C:G,5,0) -> 123 | L7: =K7*E7 -> 12.3
A8: Achar | B8: Chatni & Sauces | C8: Achar | D8: Kukree | E8: 0.1 | F8: KG | G8: 60 | H8: =G8*E8 -> 6 | I8: Kg | J8: 0 | K8: =VLOOKUP(D8,Ingredients!C:G,5,0) -> 120 | L8: =K8*E8 -> 12
A9: Achar | B9: Chatni & Sauces | C9: Achar | D9: Cauliflower (Phool Gobi) | E9: 0.1 | F9: KG | G9: 140 | H9: =G9*E9 -> 14 | I9: Kg | J9: 0 | K9: =VLOOKUP(D9,Ingredients!C:G,5,0) -> 200 | L9: =K9*E9 -> 20
A10: Achar | B10: Chatni & Sauces | C10: Achar | D10: Brinjal (Bengan) | E10: 0.1 | F10: KG | G10: 30 | H10: =G10*E10 -> 3 | I10: Kg | J10: 0 | K10: =VLOOKUP(D10,Ingredients!C:G,5,0) -> 60 | L10: =K10*E10 -> 6
A11: Achar | B11: Chatni & Sauces | C11: Achar | D11: Cucumber (Kheera) | E11: 0.1 | F11: KG | G11: 120 | H11: =G11*E11 -> 12 | I11: Kg | J11: 0 | K11: =VLOOKUP(D11,Ingredients!C:G,5,0) -> 60 | L11: =K11*E11 -> 6
A12: Achar | B12: Chatni & Sauces | C12: Achar | D12: Carrot | E12: 0.1 | F12: KG | G12: 130 | H12: =G12*E12 -> 13 | I12: Kg | J12: 0 | K12: =VLOOKUP(D12,Ingredients!C:G,5,0) -> 90 | L12: =K12*E12 -> 9
A13: Achar | B13: Chatni & Sauces | C13: Achar | D13: Garlic (Lehsan) | E13: 0.1 | F13: KG | G13: 270 | H13: =G13*E13 -> 27 | I13: Kg | J13: 0 | K13: =VLOOKUP(D13,Ingredients!C:G,5,0) -> 310 | L13: =K13*E13 -> 31
A14: Achar | B14: Chatni & Sauces | C14: Achar | D14: Radish (Mooli) | E14: 0.1 | F14: KG | G14: 80 | H14: =G14*E14 -> 8 | I14: Kg | J14: 0 | K14: =VLOOKUP(D14,Ingredients!C:G,5,0) -> 5 | L14: =K14*E14 -> 0.5
A15: Achar | B15: Chatni & Sauces | C15: Achar | D15: Turnip | E15: 0.1 | F15: KG | G15: 100 | H15: =G15*E15 -> 10 | I15: Kg | J15: 0 | K15: =VLOOKUP(D15,Ingredients!C:G,5,0) -> 100 | L15: =K15*E15 -> 10
A16: Afghani Chicken Boti | B16: Main Course | C16: BBQ | D16: MILK CREAM 200ML | E16: 0.2 | F16: KG | G16: 177 | H16: =G16*E16 -> 35.4 | I16: Kg | J16: Chicken Boneless | K16: =VLOOKUP(D16,Ingredients!C:G,5,0) -> 920 | L16: =K16*E16 -> 184
A17: Afghani Chicken Boti | B17: Main Course | C17: BBQ | D17: COOKING OIL 16LTR | E17: 0.057142857 | F17: Litre | G17: 520.63 | H17: =G17*E17 -> 29.750286 | I17: Kg | J17: Chicken Boneless | K17: 550 | L17: =K17*E17 -> 31.428571
A18: Afghani Chicken Boti | B18: Main Course | C18: BBQ | D18: COOKING SALT 800GM | E18: 0.014285714 | F18: KG | G18: 30 | H18: =G18*E18 -> 0.42857143 | I18: Kg | J18: Chicken Boneless | K18: =VLOOKUP(D18,Ingredients!C:G,5,0) -> 55 | L18: =K18*E18 -> 0.78571429
A19: Afghani Chicken Boti | B19: Main Course | C19: BBQ | D19: Garlic (Lehsan) | E19: 0.085714286 | F19: KG | G19: 270 | H19: =G19*E19 -> 23.142857 | I19: Kg | J19: Chicken Boneless | K19: =VLOOKUP(D19,Ingredients!C:G,5,0) -> 310 | L19: =K19*E19 -> 26.571429
A20: Afghani Chicken Boti | B20: Main Course | C20: BBQ | D20: Ginger (Adrak) | E20: 0.057142857 | F20: KG | G20: 740 | H20: =G20*E20 -> 42.285714 | I20: Kg | J20: Chicken Boneless | K20: =VLOOKUP(D20,Ingredients!C:G,5,0) -> 780 | L20: =K20*E20 -> 44.571429
A21: Afghani Chicken Boti | B21: Main Course | C21: BBQ | D21: CHICKEN BONELESS | E21: 1 | F21: KG | G21: 908 | H21: =G21*E21 -> 908 | I21: Kg | J21: Chicken Boneless | K21: =VLOOKUP(D21,Ingredients!C:G,5,0) -> 908 | L21: =K21*E21 -> 908
A22: Beef Chapli Kabab | B22: Main Course | C22: Fried | D22: EGGS | E22: 2.5 | F22: (Pcs) | G22: 24.64 | H22: =G22*E22 -> 61.6 | I22: Kg | J22: Beef Boneless | K22: =VLOOKUP(D22,Ingredients!C:G,5,0) -> 20.06 | L22: =K22*E22 -> 50.15
A23: Beef Chapli Kabab | B23: Main Course | C23: Fried | D23: COOKING SALT 800GM | E23: 0.0125 | F23: KG | G23: 30 | H23: =G23*E23 -> 0.375 | I23: Kg | J23: Beef Boneless | K23: =VLOOKUP(D23,Ingredients!C:G,5,0) -> 55 | L23: =K23*E23 -> 0.6875
A24: Beef Chapli Kabab | B24: Main Course | C24: Fried | D24: SWEET SODA | E24: 0.015 | F24: KG | G24: 128 | H24: =G24*E24 -> 1.92 | I24: Kg | J24: Beef Boneless | K24: =VLOOKUP(D24,Ingredients!C:G,5,0) -> 131.2 | L24: =K24*E24 -> 1.968
A25: Beef Chapli Kabab | B25: Main Course | C25: Fried | D25: Tomato | E25: 0.025 | F25: KG | G25: 85 | H25: =G25*E25 -> 2.125 | I25: Kg | J25: Beef Boneless | K25: =VLOOKUP(D25,Ingredients!C:G,5,0) -> 70 | L25: =K25*E25 -> 1.75
A26: Beef Chapli Kabab | B26: Main Course | C26: Fried | D26: Onion (Piyaz) | E26: 0.05 | F26: KG | G26: 55 | H26: =G26*E26 -> 2.75 | I26: Kg | J26: Beef Boneless | K26: =VLOOKUP(D26,Ingredients!C:G,5,0) -> 80 | L26: =K26*E26 -> 4
A27: Beef Chapli Kabab | B27: Main Course | C27: Fried | D27: Green Chilli (Hari Mirch) | E27: 0.0125 | F27: KG | G27: 60 | H27: =G27*E27 -> 0.75 | I27: Kg | J27: Beef Boneless | K27: =VLOOKUP(D27,Ingredients!C:G,5,0) -> 100 | L27: =K27*E27 -> 1.25
A28: Beef Chapli Kabab | B28: Main Course | C28: Fried | D28: Makai Ata White | E28: 0.0125 | F28: KG | G28: 200 | H28: =G28*E28 -> 2.5 | I28: Kg | J28: Beef Boneless | K28: =VLOOKUP(D28,Ingredients!C:G,5,0) -> 200 | L28: =K28*E28 -> 2.5
A29: Beef Chapli Kabab | B29: Main Course | C29: Fried | D29: Amchoor Powder. | E29: 0.0125 | F29: KG | G29: 200 | H29: =G29*E29 -> 2.5 | I29: Kg | J29: Beef Boneless | K29: =VLOOKUP(D29,Ingredients!C:G,5,0) -> 350 | L29: =K29*E29 -> 4.375
... A77: Chicken Cheese Kabab | B77: Main Course | C77: Fried | D77: CORIANDER WHOLE | E77: 0.016 | F77: KG | G77: 440 | H77: =G77*E77 -> 7.04 | I77: Kg | J77: Chicken Boneless | K77: =VLOOKUP(D77,Ingredients!C:G,5,0) -> 450 | L77: =K77*E77 -> 7.2
A78: Chicken Cheese Kabab | B78: Main Course | C78: Fried | D78: CHEESE CHEDDAR 2KG | E78: 0.16 | F78: KG | G78: 612.035 | H78: =G78*E78 -> 97.9256 | I78: Kg | J78: Chicken Boneless | K78: =VLOOKUP(D78,Ingredients!C:F,3,0) -> 1500 | L78: =K78*E78 -> 240
A79: Chicken Cheese Kabab | B79: Main Course | C79: Fried | D79: COOKING SALT 800GM | E79: 0.02 | F79: KG | G79: 30 | H79: =G79*E79 -> 0.6 | I79: Kg | J79: Chicken Boneless | K79: =VLOOKUP(D79,Ingredients!C:G,5,0) -> 55 | L79: =K79*E79 -> 1.1
A80: Chicken Cheese Kabab | B80: Main Course | C80: Fried | D80: Onion (Piyaz) | E80: 0.04 | F80: KG | G80: 55 | H80: =G80*E80 -> 2.2 | I80: Kg | J80: Chicken Boneless | K80: =VLOOKUP(D80,Ingredients!C:G,5,0) -> 80 | L80: =K80*E80 -> 3.2
A81: Chicken Cheese Kabab | B81: Main Course | C81: Fried | D81: Green Chilli (Hari Mirch) | E81: 0.08 | F81: KG | G81: 60 | H81: =G81*E81 -> 4.8 | I81: Kg | J81: Chicken Boneless | K81: =VLOOKUP(D81,Ingredients!C:G,5,0) -> 100 | L81: =K81*E81 -> 8
A82: Chicken Cheese Kabab | B82: Main Course | C82: Fried | D82: FAT (CHARBI) | E82: 0.14 | F82: KG | G82: 500 | H82: =G82*E82 -> 70 | I82: Kg | J82: Chicken Boneless | K82: =VLOOKUP(D82,Ingredients!C:G,5,0) -> 500 | L82: =K82*E82 -> 70
A83: Chicken Cheese Kabab | B83: Main Course | C83: Fried | D83: CHICKEN BONELESS | E83: 1 | F83: KG | G83: 908 | H83: =G83*E83 -> 908 | I83: Kg | J83: Chicken Boneless | K83: =VLOOKUP(D83,Ingredients!C:G,5,0) -> 908 | L83: =K83*E83 -> 908
A84: Chicken Behari | B84: Main Course | C84: BBQ | D84: KACHRI PWD | E84: 0.0125 | F84: KG | G84: 650 | H84: =G84*E84 -> 8.125 | I84: Kg | J84: Chicken Bone In | K84: =VLOOKUP(D84,Ingredients!C:G,5,0) -> 700 | L84: =K84*E84 -> 8.75
A85: Chicken Behari | B85: Main Course | C85: BBQ | D85: COOKING OIL 16LTR | E85: 0.15 | F85: Litre | G85: 520.63 | H85: =G85*E85 -> 78.0945 | I85: Kg | J85: Chicken Bone In | K85: 550 | L85: =K85*E85 -> 82.5
A86: Chicken Behari | B86: Main Course | C86: BBQ | D86: Coriander (Dhanya) | E86: 0.0125 | F86: KG | G86: 13 | H86: =G86*E86 -> 0.1625 | I86: Kg | J86: Chicken Bone In | K86: =VLOOKUP(D86,Ingredients!C:G,5,0) -> 15 | L86: =K86*E86 -> 0.1875
A87: Chicken Behari | B87: Main Course | C87: BBQ | D87: Ajwaen | E87: 0.01 | F87: KG | G87: 350 | H87: =G87*E87 -> 3.5 | I87: Kg | J87: Chicken Bone In | K87: =VLOOKUP(D87,Ingredients!C:G,5,0) -> 457.875 | L87: =K87*E87 -> 4.57875
A88: Chicken Behari | B88: Main Course | C88: BBQ | D88: COCONUT PWD | E88: 0.01 | F88: KG | G88: 520 | H88: =G88*E88 -> 5.2 | I88: Kg | J88: Chicken Bone In | K88: =VLOOKUP(D88,Ingredients!C:G,5,0) -> 880 | L88: =K88*E88 -> 8.8
A89: Chicken Behari | B89: Main Course | C89: BBQ | D89: Garlic (Lehsan) | E89: 0.0125 | F89: KG | G89: 270 | H89: =G89*E89 -> 3.375 | I89: Kg | J89: Chicken Bone In | K89: =VLOOKUP(D89,Ingredients!C:G,5,0) -> 310 | L89: =K89*E89 -> 3.875
A90: Chicken Behari | B90: Main Course | C90: BBQ | D90: Ginger (Adrak) | E90: 0.0125 | F90: KG | G90: 740 | H90: =G90*E90 -> 9.25 | I90: Kg | J90: Chicken Bone In | K90: =VLOOKUP(D90,Ingredients!C:G,5,0) -> 780 | L90: =K90*E90 -> 9.75
A91: Chicken Behari | B91: Main Course | C91: BBQ | D91: Papita | E91: 0.0375 | F91: KG | G91: 200 | H91: =G91*E91 -> 7.5 | I91: Kg | J91: Chicken Bone In | K91: =VLOOKUP(D91,Ingredients!C:G,5,0) -> 50 | L91: =K91*E91 -> 1.875
A92: Chicken Behari | B92: Main Course | C92: BBQ | D92: RED CHILLI PWD | E92: 0.0125 | F92: KG | G92: 900 | H92: =G92*E92 -> 11.25 | I92: Kg | J92: Chicken Bone In | K92: =VLOOKUP(D92,Ingredients!C:G,5,0) -> 950 | L92: =K92*E92 -> 11.875
A93: Chicken Behari | B93: Main Course | C93: BBQ | D93: COOKING SALT 800GM | E93: 0.0125 | F93: KG | G93: 30 | H93: =G93*E93 -> 0.375 | I93: Kg | J93: Chicken Bone In | K93: =VLOOKUP(D93,Ingredients!C:G,5,0) -> 55 | L93: =K93*E93 -> 0.6875
A94: Chicken Behari | B94: Main Course | C94: BBQ | D94: Chicken Bone In | E94: 1 | F94: KG | G94: 614 | H94: =G94*E94 -> 614 | I94: Kg | J94: Chicken Bone In | K94: =VLOOKUP(D94,Ingredients!C:G,5,0) -> 650 | L94: =K94*E94 -> 650
A95: Chicken Boti | B95: Main Course | C95: BBQ | D95: COOKING SALT 800GM | E95: 0.01 | F95: KG | G95: 30 | H95: =G95*E95 -> 0.3 | I95: Kg | J95: Chicken Bone In | K95: =VLOOKUP(D95,Ingredients!C:G,5,0) -> 55 | L95: =K95*E95 -> 0.55
A96: Chicken Boti | B96: Main Course | C96: BBQ | D96: RED CHILLI WHOLE | E96: 0.02 | F96: KG | G96: 850 | H96: =G96*E96 -> 17 | I96: Kg | J96: Chicken Bone In | K96: =VLOOKUP(D96,Ingredients!C:G,5,0) -> 980 | L96: =K96*E96 -> 19.6
A97: Chicken Boti | B97: Main Course | C97: BBQ | D97: WHITE PEPPER PWD | E97: 0.06 | F97: KG | G97: 2100 | H97: =G97*E97 -> 126 | I97: Kg | J97: Chicken Bone In | K97: =VLOOKUP(D97,Ingredients!C:G,5,0) -> 2150 | L97: =K97*E97 -> 129
... A121: Chicken Chargha | B121: Main Course | C121: Fried | D121: Nestle LEMON powder JUICE 500gm | E121: 0.025 | F121: Litre | G121: 425 | H121: =G121*E121 -> 10.625 | I121: Kg | J121: Chicken Bone In | K121: =VLOOKUP(D121,Ingredients!C:G,5,0) -> 850 | L121: =K121*E121 -> 21.25
A122: Chicken Chargha | B122: Main Course | C122: Fried | D122: COOKING OIL 16LTR | E122: 0.12 | F122: Litre | G122: 520.63 | H122: =G122*E122 -> 62.4756 | I122: Kg | J122: Chicken Bone In | K122: 550 | L122: =K122*E122 -> 66
A123: Chicken Chargha | B123: Main Course | C123: Fried | D123: Garlic (Lehsan) | E123: 0.025 | F123: KG | G123: 270 | H123: =G123*E123 -> 6.75 | I123: Kg | J123: Chicken Bone In | K123: =VLOOKUP(D123,Ingredients!C:G,5,0) -> 310 | L123: =K123*E123 -> 7.75
A124: Chicken Chargha | B124: Main Course | C124: Fried | D124: Ginger (Adrak) | E124: 0.025 | F124: KG | G124: 740 | H124: =G124*E124 -> 18.5 | I124: Kg | J124: Chicken Bone In | K124: =VLOOKUP(D124,Ingredients!C:G,5,0) -> 780 | L124: =K124*E124 -> 19.5
A125: Chicken Chargha | B125: Main Course | C125: Fried | D125: VINEGAR 750ML | E125: 0.025 | F125: Litre | G125: 110 | H125: =G125*E125 -> 2.75 | I125: Kg | J125: Chicken Bone In | K125: =VLOOKUP(D125,Ingredients!C:G,5,0) -> 179 | L125: =K125*E125 -> 4.475
A126: Chicken Chargha | B126: Main Course | C126: Fried | D126: Yogurt | E126: 0.0128 | F126: KG | G126: 305 | H126: =G126*E126 -> 3.904 | I126: Kg | J126: Chicken Bone In | K126: =VLOOKUP(D126,Ingredients!C:G,5,0) -> 300 | L126: =K126*E126 -> 3.84
A127: Chicken Chargha | B127: Main Course | C127: Fried | D127: CORN FLOUR | E127: 0.05 | F127: KG | G127: 389.34 | H127: =G127*E127 -> 19.467 | I127: Kg | J127: Chicken Bone In | K127: =VLOOKUP(D127,Ingredients!C:G,5,0) -> 394.63 | L127: =K127*E127 -> 19.7315
A128: Chicken Chargha | B128: Main Course | C128: Fried | D128: RED CHILLI CRUSH | E128: 0.008 | F128: KG | G128: 1000 | H128: =G128*E128 -> 8 | I128: Kg | J128: Chicken Bone In | K128: =VLOOKUP(D128,Ingredients!C:G,5,0) -> 950 | L128: =K128*E128 -> 7.6
A129: Chicken Chargha | B129: Main Course | C129: Fried | D129: CORIANDER WHOLE | E129: 0.008 | F129: KG | G129: 440 | H129: =G129*E129 -> 3.52 | I129: Kg | J129: Chicken Bone In | K129: =VLOOKUP(D129,Ingredients!C:G,5,0) -> 450 | L129: =K129*E129 -> 3.6
A130: Chicken Chargha | B130: Main Course | C130: Fried | D130: CUMIN SEED WHITE | E130: 0.0048 | F130: KG | G130: 2400 | H130: =G130*E130 -> 11.52 | I130: Kg | J130: Chicken Bone In | K130: =VLOOKUP(D130,Ingredients!C:G,5,0) -> 1600 | L130: =K130*E130 -> 7.68
A131: Chicken Chargha | B131: Main Course | C131: Fried | D131: RED CHILLI PWD | E131: 0.04 | F131: KG | G131: 900 | H131: =G131*E131 -> 36 | I131: Kg | J131: Chicken Bone In | K131: =VLOOKUP(D131,Ingredients!C:G,5,0) -> 950 | L131: =K131*E131 -> 38
A132: Chicken Chargha | B132: Main Course | C132: Fried | D132: COOKING SALT 800GM | E132: 0.0048 | F132: KG | G132: 30 | H132: =G132*E132 -> 0.144 | I132: Kg | J132: Chicken Bone In | K132: =VLOOKUP(D132,Ingredients!C:G,5,0) -> 55 | L132: =K132*E132 -> 0.264
A133: Chicken Chargha | B133: Main Course | C133: Fried | D133: BAISON LOCAL | E133: 0.05 | F133: KG | G133: 220 | H133: =G133*E133 -> 11 | I133: Kg | J133: Chicken Bone In | K133: =VLOOKUP(D133,Ingredients!C:G,5,0) -> 220 | L133: =K133*E133 -> 11
A134: Chicken Chargha | B134: Main Course | C134: Fried | D134: IMLI | E134: 0.0288 | F134: KG | G134: 270 | H134: =G134*E134 -> 7.776 | I134: Kg | J134: Chicken Bone In | K134: =VLOOKUP(D134,Ingredients!C:G,5,0) -> 290 | L134: =K134*E134 -> 8.352
A135: Chicken Chargha | B135: Main Course | C135: Fried | D135: Chicken Bone In | E135: 1 | F135: KG | G135: 614 | H135: =G135*E135 -> 614 | I135: Kg | J135: Chicken Bone In | K135: =VLOOKUP(D135,Ingredients!C:G,5,0) -> 650 | L135: =K135*E135 -> 650
A136: Chicken Corn Soup | B136: Soup | C136: With Meat | D136: SWEET CORN | E136: 0.02 | F136: KG | G136: 1750 | H136: =G136*E136 -> 35 | I136: Bowl | J136: 0 | K136: =VLOOKUP(D136,Ingredients!C:G,5,0) -> 776 | L136: =K136*E136 -> 15.52
A137: Chicken Corn Soup | B137: Soup | C137: With Meat | D137: CHICKEN BONELESS | E137: 0.025 | F137: KG | G137: 908 | H137: =G137*E137 -> 22.7 | I137: Bowl | J137: 0 | K137: =VLOOKUP(D137,Ingredients!C:G,5,0) -> 908 | L137: =K137*E137 -> 22.7
A138: Chicken Corn Soup | B138: Soup | C138: With Meat | D138: SUGAR | E138: 0.002 | F138: KG | G138: 149 | H138: =G138*E138 -> 0.298 | I138: Bowl | J138: 0 | K138: =VLOOKUP(D138,Ingredients!C:G,5,0) -> 123 | L138: =K138*E138 -> 0.246
A139: Chicken Corn Soup | B139: Soup | C139: With Meat | D139: COOKING SALT 800GM | E139: 0.002 | F139: KG | G139: 30 | H139: =G139*E139 -> 0.06 | I139: Bowl | J139: 0 | K139: =VLOOKUP(D139,Ingredients!C:G,5,0) -> 55 | L139: =K139*E139 -> 0.11
A140: Chicken Corn Soup | B140: Soup | C140: With Meat | D140: EGGS | E140: 0.25 | F140: (Pcs) | G140: 24.64 | H140: =G140*E140 -> 6.16 | I140: Bowl | J140: 0 | K140: =VLOOKUP(D140,Ingredients!C:G,5,0) -> 20.06 | L140: =K140*E140 -> 5.015
A141: Chicken Ginger | B141: Main Course | C141: Gravy | D141: Green Chilli (Hari Mirch) | E141: 0.0083333333 | F141: KG | G141: 60 | H141: =G141*E141 -> 0.5 | I141: Kg | J141: Chicken Boneless | K141: =VLOOKUP(D141,Ingredients!C:G,5,0) -> 100 | L141: =K141*E141 -> 0.83333333
A142: Chicken Ginger | B142: Main Course | C142: Gravy | D142: Tomato | E142: 0.25 | F142: KG | G142: 85 | H142: =G142*E142 -> 21.25 | I142: Kg | J142: Chicken Boneless | K142: =VLOOKUP(D142,Ingredients!C:G,5,0) -> 70 | L142: =K142*E142 -> 17.5
A143: Chicken Ginger | B143: Main Course | C143: Gravy | D143: Garlic (Lehsan) | E143: 0.0083333333 | F143: KG | G143: 270 | H143: =G143*E143 -> 2.25 | I143: Kg | J143: Chicken Boneless | K143: =VLOOKUP(D143,Ingredients!C:G,5,0) -> 310 | L143: =K143*E143 -> 2.5833333
A144: Chicken Ginger | B144: Main Course | C144: Gravy | D144: COOKING OIL 16LTR | E144: 0.25 | F144: Litre | G144: 520.63 | H144: =G144*E144 -> 130.1575 | I144: Kg | J144: Chicken Boneless | K144: 550 | L144: =K144*E144 -> 137.5
A145: Chicken Ginger | B145: Main Course | C145: Gravy | D145: Ginger (Adrak) | E145: 0.016666667 | F145: KG | G145: 740 | H145: =G145*E145 -> 12.333333 | I145: Kg | J145: Chicken Boneless | K145: =VLOOKUP(D145,Ingredients!C:G,5,0) -> 780 | L145: =K145*E145 -> 13
A146: Chicken Ginger | B146: Main Course | C146: Gravy | D146: RED CHILLI WHOLE | E146: 0.016666667 | F146: KG | G146: 850 | H146: =G146*E146 -> 14.166667 | I146: Kg | J146: Chicken Boneless | K146: =VLOOKUP(D146,Ingredients!C:G,5,0) -> 980 | L146: =K146*E146 -> 16.333333
A147: Chicken Ginger | B147: Main Course | C147: Gravy | D147: COOKING SALT 800GM | E147: 0.0083333333 | F147: KG | G147: 30 | H147: =G147*E147 -> 0.25 | I147: Kg | J147: Chicken Boneless | K147: =VLOOKUP(D147,Ingredients!C:G,5,0) -> 55 | L147: =K147*E147 -> 0.45833333
A148: Chicken Ginger | B148: Main Course | C148: Gravy | D148: CHICKEN BONELESS | E148: 1 | F148: KG | G148: 908 | H148: =G148*E148 -> 908 | I148: Kg | J148: Chicken Boneless | K148: =VLOOKUP(D148,Ingredients!C:G,5,0) -> 908 | L148: =K148*E148 -> 908
A149: Chicken Handi | B149: Main Course | C149: Gravy | D149: Onion (Piyaz) | E149: 0.03 | F149: KG | G149: 55 | H149: =G149*E149 -> 1.65 | I149: Kg | J149: Chicken Boneless | K149: =VLOOKUP(D149,Ingredients!C:G,5,0) -> 80 | L149: =K149*E149 -> 2.4
A150: Chicken Handi | B150: Main Course | C150: Gravy | D150: Green Chilli (Hari Mirch) | E150: 0.004 | F150: KG | G150: 60 | H150: =G150*E150 -> 0.24 | I150: Kg | J150: Chicken Boneless | K150: =VLOOKUP(D150,Ingredients!C:G,5,0) -> 100 | L150: =K150*E150 -> 0.4
A151: Chicken Handi | B151: Main Course | C151: Gravy | D151: RED CHILLI WHOLE | E151: 0.004 | F151: KG | G151: 850 | H151: =G151*E151 -> 3.4 | I151: Kg | J151: Chicken Boneless | K151: =VLOOKUP(D151,Ingredients!C:G,5,0) -> 980 | L151: =K151*E151 -> 3.92
A152: Chicken Handi | B152: Main Course | C152: Gravy | D152: COOKING SALT 800GM | E152: 0.004 | F152: KG | G152: 30 | H152: =G152*E152 -> 0.12 | I152: Kg | J152: Chicken Boneless | K152: =VLOOKUP(D152,Ingredients!C:G,5,0) -> 55 | L152: =K152*E152 -> 0.22
A153: Chicken Handi | B153: Main Course | C153: Gravy | D153: MILK CREAM 200ML | E153: 0.08 | F153: KG | G153: 177 | H153: =G153*E153 -> 14.16 | I153: Kg | J153: Chicken Boneless | K153: =VLOOKUP(D153,Ingredients!C:G,5,0) -> 920 | L153: =K153*E153 -> 73.6
A154: Chicken Handi | B154: Main Course | C154: Gravy | D154: BUTTER 1 KG | E154: 0.2 | F154: KG | G154: 1400 | H154: =G154*E154 -> 280 | I154: Kg | J154: Chicken Boneless | K154: =VLOOKUP(D154,Ingredients!C:G,5,0) -> 1400 | L154: =K154*E154 -> 280
A155: Chicken Handi | B155: Main Course | C155: Gravy | D155: QASURI METHI 200GM | E155: 0.002 | F155: KG | G155: 270 | H155: =G155*E155 -> 0.54 | I155: Kg | J155: Chicken Boneless | K155: =VLOOKUP(D155,Ingredients!C:G,5,0) -> 1260.55 | L155: =K155*E155 -> 2.5211
A156: Chicken Handi | B156: Main Course | C156: Gravy | D156: GARAM MASALA | E156: 0.002 | F156: KG | G156: 2000 | H156: =G156*E156 -> 4 | I156: Kg | J156: Chicken Boneless | K156: =VLOOKUP(D156,Ingredients!C:G,5,0) -> 1900 | L156: =K156*E156 -> 3.8
... A177: Chicken Karahi | B177: Main Course | C177: Gravy | D177: Garlic (Lehsan) | E177: 0.02505 | F177: KG | G177: 270 | H177: =G177*E177 -> 6.7635 | I177: Kg | J177: Chicken Bone In | K177: =VLOOKUP(D177,Ingredients!C:G,5,0) -> 310 | L177: =K177*E177 -> 7.7655
A178: Chicken Karahi | B178: Main Course | C178: Gravy | D178: COOKING OIL 16LTR | E178: 0.20875 | F178: Litre | G178: 520.63 | H178: =G178*E178 -> 108.68151 | I178: Kg | J178: Chicken Bone In | K178: 550 | L178: =K178*E178 -> 114.8125
A179: Chicken Karahi | B179: Main Course | C179: Gravy | D179: Tomato | E179: 0.4175 | F179: KG | G179: 85 | H179: =G179*E179 -> 35.4875 | I179: Kg | J179: Chicken Bone In | K179: =VLOOKUP(D179,Ingredients!C:G,5,0) -> 70 | L179: =K179*E179 -> 29.225
A180: Chicken Karahi | B180: Main Course | C180: Gravy | D180: Chicken Bone In | E180: 1.002 | F180: KG | G180: 614 | H180: =G180*E180 -> 615.228 | I180: Kg | J180: Chicken Bone In | K180: =VLOOKUP(D180,Ingredients!C:G,5,0) -> 650 | L180: =K180*E180 -> 651.3
A181: Chicken White Karahi | B181: Main Course | C181: Gravy | D181: CUMIN SEED WHITE | E181: 0.00334 | F181: KG | G181: 2400 | H181: =G181*E181 -> 8.016 | I181: Kg | J181: Chicken Bone In | K181: =VLOOKUP(D181,Ingredients!C:G,5,0) -> 1600 | L181: =K181*E181 -> 5.344
A182: Chicken White Karahi | B182: Main Course | C182: Gravy | D182: CHICKEN PWD 1000GM | E182: 0.00334 | F182: KG | G182: 1113.51 | H182: =G182*E182 -> 3.7191234 | I182: Kg | J182: Chicken Bone In | K182: =VLOOKUP(D182,Ingredients!C:G,5,0) -> 1066.33 | L182: =K182*E182 -> 3.5615422
A183: Chicken White Karahi | B183: Main Course | C183: Gravy | D183: WHITE PEPPER PWD | E183: 0.00835 | F183: KG | G183: 2100 | H183: =G183*E183 -> 17.535 | I183: Kg | J183: Chicken Bone In | K183: =VLOOKUP(D183,Ingredients!C:G,5,0) -> 2150 | L183: =K183*E183 -> 17.9525
A184: Chicken White Karahi | B184: Main Course | C184: Gravy | D184: COOKING SALT 800GM | E184: 0.01002 | F184: KG | G184: 30 | H184: =G184*E184 -> 0.3006 | I184: Kg | J184: Chicken Bone In | K184: =VLOOKUP(D184,Ingredients!C:G,5,0) -> 55 | L184: =K184*E184 -> 0.5511
A185: Chicken White Karahi | B185: Main Course | C185: Gravy | D185: Yogurt | E185: 0.12525 | F185: KG | G185: 305 | H185: =G185*E185 -> 38.20125 | I185: Kg | J185: Chicken Bone In | K185: =VLOOKUP(D185,Ingredients!C:G,5,0) -> 300 | L185: =K185*E185 -> 37.575
A186: Chicken White Karahi | B186: Main Course | C186: Gravy | D186: MILK CREAM 200ML | E186: 0.1169 | F186: KG | G186: 177 | H186: =G186*E186 -> 20.6913 | I186: Kg | J186: Chicken Bone In | K186: =VLOOKUP(D186,Ingredients!C:G,5,0) -> 920 | L186: =K186*E186 -> 107.548
A187: Chicken White Karahi | B187: Main Course | C187: Gravy | D187: Green Chilli (Hari Mirch) | E187: 0.00835 | F187: KG | G187: 60 | H187: =G187*E187 -> 0.501 | I187: Kg | J187: Chicken Bone In | K187: =VLOOKUP(D187,Ingredients!C:G,5,0) -> 100 | L187: =K187*E187 -> 0.835
A188: Chicken White Karahi | B188: Main Course | C188: Gravy | D188: Ginger (Adrak) | E188: 0.01336 | F188: KG | G188: 740 | H188: =G188*E188 -> 9.8864 | I188: Kg | J188: Chicken Bone In | K188: =VLOOKUP(D188,Ingredients!C:G,5,0) -> 780 | L188: =K188*E188 -> 10.4208
A189: Chicken White Karahi | B189: Main Course | C189: Gravy | D189: Garlic (Lehsan) | E189: 0.01336 | F189: KG | G189: 270 | H189: =G189*E189 -> 3.6072 | I189: Kg | J189: Chicken Bone In | K189: =VLOOKUP(D189,Ingredients!C:G,5,0) -> 310 | L189: =K189*E189 -> 4.1416
A190: Chicken White Karahi | B190: Main Course | C190: Gravy | D190: COOKING OIL 16LTR | E190: 0.167 | F190: Litre | G190: 520.63 | H190: =G190*E190 -> 86.94521 | I190: Kg | J190: Chicken Bone In | K190: 550 | L190: =K190*E190 -> 91.85
...

Sheet Consolidate
G1: BBQ Rates | K1: Site Rates
A2: S. # | B2: Dish Name | C2: Dish Category | D2: Dish Type | E2: Meat Type | F2: Dish UOM | G2: BBQ Rates | H2: Meat Rates | I2: Making KHI | K2: Site Rates | L2: Meat Rates | M2: Making KHI
A3: 1 | B3: Achar | C3: =VLOOKUP(B3,Recipes!A:B,2,0) -> Chatni & Sauces | D3: =VLOOKUP(B3,Recipes!A:C,3,0) -> Achar | E3: =VLOOKUP(B3,Recipes!A:J,10,0) -> 0 | F3: =VLOOKUP(B3,Recipes!A:I,9,0) -> Kg | G3: =SUMIF(Recipes!A:A,Consolidate!B3,Recipes!H:H) -> 126.74 | H3: =SUMIFS(Recipes!$H:$H,Recipes!$D:$D,Consolidate!$E3,Recipes!$A:$A,Consolidate!$B3) -> 0 | I3: =G3-H3 -> 126.74 | K3: =SUMIF(Recipes!A:A,Consolidate!B3,Recipes!L:L) -> 125.56 | L3: =SUMIFS(Recipes!$L:$L,Recipes!$D:$D,Consolidate!$E3,Recipes!$A:$A,Consolidate!$B3) -> 0 | M3: =K3-L3 -> 125.56
A4: =A3+1 -> 2 | B4: Achar Kg | C4: =VLOOKUP(B4,Recipes!A:B,2,0) -> Chatni & Sauces | D4: =VLOOKUP(B4,Recipes!A:C,3,0) -> Achar Kg | E4: =VLOOKUP(B4,Recipes!A:J,10,0) -> 0 | F4: =VLOOKUP(B4,Recipes!A:I,9,0) -> Kg | G4: =SUMIF(Recipes!A:A,Consolidate!B4,Recipes!H:H) -> 450 | H4: =SUMIFS(Recipes!$H:$H,Recipes!$D:$D,Consolidate!$E4,Recipes!$A:$A,Consolidate!$B4) -> 0 | I4: =G4-H4 -> 450 | K4: =SUMIF(Recipes!A:A,Consolidate!B4,Recipes!L:L) -> 450 | L4: =SUMIFS(Recipes!$L:$L,Recipes!$D:$D,Consolidate!$E4,Recipes!$A:$A,Consolidate!$B4) -> 0 | M4: =K4-L4 -> 450
A5: =A4+1 -> 3 | B5: Afghani Chicken Boti | C5: =VLOOKUP(B5,Recipes!A:B,2,0) -> Main Course | D5: =VLOOKUP(B5,Recipes!A:C,3,0) -> BBQ | E5: =VLOOKUP(B5,Recipes!A:J,10,0) -> Chicken Boneless | F5: =VLOOKUP(B5,Recipes!A:I,9,0) -> Kg | G5: =SUMIF(Recipes!A:A,Consolidate!B5,Recipes!H:H) -> 1039.0074 | H5: =SUMIFS(Recipes!$H:$H,Recipes!$D:$D,Consolidate!$E5,Recipes!$A:$A,Consolidate!$B5) -> 908 | I5: =G5-H5 -> 131.00743 | K5: =SUMIF(Recipes!A:A,Consolidate!B5,Recipes!L:L) -> 1195.3571 | L5: =SUMIFS(Recipes!$L:$L,Recipes!$D:$D,Consolidate!$E5,Recipes!$A:$A,Consolidate!$B5) -> 908 | M5: =K5-L5 -> 287.35714
A6: =A5+1 -> 4 | B6: Alfredo Pasta | C6: =VLOOKUP(B6,Recipes!A:B,2,0) -> Side Dish | D6: =VLOOKUP(B6,Recipes!A:C,3,0) -> Gravy | E6: =VLOOKUP(B6,Recipes!A:J,10,0) -> 0 | F6: =VLOOKUP(B6,Recipes!A:I,9,0) -> Kg | G6: =SUMIF(Recipes!A:A,Consolidate!B6,Recipes!H:H) -> 1534.6722 | H6: =SUMIFS(Recipes!$H:$H,Recipes!$D:$D,Consolidate!$E6,Recipes!$A:$A,Consolidate!$B6) -> 0 | I6: =G6-H6 -> 1534.6722 | K6: =SUMIF(Recipes!A:A,Consolidate!B6,Recipes!L:L) -> 2506.8978 | L6: =SUMIFS(Recipes!$L:$L,Recipes!$D:$D,Consolidate!$E6,Recipes!$A:$A,Consolidate!$B6) -> 0 | M6: =K6-L6 -> 2506.8978
A7: =A6+1 -> 5 | B7: Aloo Bhujia | C7: =VLOOKUP(B7,Recipes!A:B,2,0) -> Side Dish | D7: =VLOOKUP(B7,Recipes!A:C,3,0) -> Dry | E7: =VLOOKUP(B7,Recipes!A:J,10,0) -> 0 | F7: =VLOOKUP(B7,Recipes!A:I,9,0) -> Kg | G7: =SUMIF(Recipes!A:A,Consolidate!B7,Recipes!H:H) -> 144.8415 | H7: =SUMIFS(Recipes!$H:$H,Recipes!$D:$D,Consolidate!$E7,Recipes!$A:$A,Consolidate!$B7) -> 0 | I7: =G7-H7 -> 144.8415 | K7: =SUMIF(Recipes!A:A,Consolidate!B7,Recipes!L:L) -> 158.31 | L7: =SUMIFS(Recipes!$L:$L,Recipes!$D:$D,Consolidate!$E7,Recipes!$A:$A,Consolidate!$B7) -> 0 | M7: =K7-L7 -> 158.31
A8: =A7+1 -> 6 | B8: Aloo Chana Tarkari | C8: =VLOOKUP(B8,Recipes!A:B,2,0) -> Side Dish | D8: =VLOOKUP(B8,Recipes!A:C,3,0) -> Daal / Chana | E8: =VLOOKUP(B8,Recipes!A:J,10,0) -> 0 | F8: =VLOOKUP(B8,Recipes!A:I,9,0) -> 5 Pax | G8: =SUMIF(Recipes!A:A,Consolidate!B8,Recipes!H:H) -> 119.30575 | H8: =SUMIFS(Recipes!$H:$H,Recipes!$D:$D,Consolidate!$E8,Recipes!$A:$A,Consolidate!$B8) -> 0 | I8: =G8-H8 -> 119.30575 | K8: =SUMIF(Recipes!A:A,Consolidate!B8,Recipes!L:L) -> 149.62 | L8: =SUMIFS(Recipes!$L:$L,Recipes!$D:$D,Consolidate!$E8,Recipes!$A:$A,Consolidate!$B8) -> 0 | M8: =K8-L8 -> 149.62
A9: =A8+1 -> 7 | B9: Aloo Ka Paratha | C9: =VLOOKUP(B9,Recipes!A:B,2,0) -> Roti & Paratha | D9: =VLOOKUP(B9,Recipes!A:C,3,0) -> Aloo Paratha | E9: =VLOOKUP(B9,Recipes!A:J,10,0) -> 0 | F9: =VLOOKUP(B9,Recipes!A:I,9,0) -> Pcs | G9: =SUMIF(Recipes!A:A,Consolidate!B9,Recipes!H:H) -> 34.18817 | H9: =SUMIFS(Recipes!$H:$H,Recipes!$D:$D,Consolidate!$E9,Recipes!$A:$A,Consolidate!$B9) -> 0 | I9: =G9-H9 -> 34.18817 | K9: =SUMIF(Recipes!A:A,Consolidate!B9,Recipes!L:L) -> 36.1815 | L9: =SUMIFS(Recipes!$L:$L,Recipes!$D:$D,Consolidate!$E9,Recipes!$A:$A,Consolidate!$B9) -> 0 | M9: =K9-L9 -> 36.1815
A10: =A9+1 -> 8 | B10: Aloo Ki Tarkaari | C10: =VLOOKUP(B10,Recipes!A:B,2,0) -> Side Dish | D10: =VLOOKUP(B10,Recipes!A:C,3,0) -> Gravy | E10: =VLOOKUP(B10,Recipes!A:J,10,0) -> 0 | F10: =VLOOKUP(B10,Recipes!A:I,9,0) -> Kg | G10: =SUMIF(Recipes!A:A,Consolidate!B10,Recipes!H:H) -> 295.8134 | H10: =SUMIFS(Recipes!$H:$H,Recipes!$D:$D,Consolidate!$E10,Recipes!$A:$A,Consolidate!$B10) -> 0 | I10: =G10-H10 -> 295.8134 | K10: =SUMIF(Recipes!A:A,Consolidate!B10,Recipes!L:L) -> 311.55 | L10: =SUMIFS(Recipes!$L:$L,Recipes!$D:$D,Consolidate!$E10,Recipes!$A:$A,Consolidate!$B10) -> 0 | M10: =K10-L10 -> 311.55
A11: =A10+1 -> 9 | B11: Aloo Matar Pulao | C11: =VLOOKUP(B11,Recipes!A:B,2,0) -> Side Dish | D11: =VLOOKUP(B11,Recipes!A:C,3,0) -> Rice | E11: =VLOOKUP(B11,Recipes!A:J,10,0) -> 0 | F11: =VLOOKUP(B11,Recipes!A:I,9,0) -> Kg | G11: =SUMIF(Recipes!A:A,Consolidate!B11,Recipes!H:H) -> 850.413 | H11: =SUMIFS(Recipes!$H:$H,Recipes!$D:$D,Consolidate!$E11,Recipes!$A:$A,Consolidate!$B11) -> 0 | I11: =G11-H11 -> 850.413 | K11: =SUMIF(Recipes!A:A,Consolidate!B11,Recipes!L:L) -> 822.425 | L11: =SUMIFS(Recipes!$L:$L,Recipes!$D:$D,Consolidate!$E11,Recipes!$A:$A,Consolidate!$B11) -> 0 | M11: =K11-L11 -> 822.425
A12: =A11+1 -> 10 | B12: Aloo Palak | C12: =VLOOKUP(B12,Recipes!A:B,2,0) -> Side Dish | D12: =VLOOKUP(B12,Recipes!A:C,3,0) -> Dry | E12: =VLOOKUP(B12,Recipes!A:J,10,0) -> 0 | F12: =VLOOKUP(B12,Recipes!A:I,9,0) -> Kg | G12: =SUMIF(Recipes!A:A,Consolidate!B12,Recipes!H:H) -> 316.52108 | H12: =SUMIFS(Recipes!$H:$H,Recipes!$D:$D,Consolidate!$E12,Recipes!$A:$A,Consolidate!$B12) -> 0 | I12: =G12-H12 -> 316.52108 | K12: =SUMIF(Recipes!A:A,Consolidate!B12,Recipes!L:L) -> 339.44564 | L12: =SUMIFS(Recipes!$L:$L,Recipes!$D:$D,Consolidate!$E12,Recipes!$A:$A,Consolidate!$B12) -> 0 | M12: =K12-L12 -> 339.44564
A13: =A12+1 -> 11 | B13: Aloo Tarkari | C13: =VLOOKUP(B13,Recipes!A:B,2,0) -> Side Dish | D13: =VLOOKUP(B13,Recipes!A:C,3,0) -> Gravy | E13: =VLOOKUP(B13,Recipes!A:J,10,0) -> 0 | F13: =VLOOKUP(B13,Recipes!A:I,9,0) -> Kg | G13: =SUMIF(Recipes!A:A,Consolidate!B13,Recipes!H:H) -> 446.08222 | H13: =SUMIFS(Recipes!$H:$H,Recipes!$D:$D,Consolidate!$E13,Recipes!$A:$A,Consolidate!$B13) -> 0 | I13: =G13-H13 -> 446.08222 | K13: =SUMIF(Recipes!A:A,Consolidate!B13,Recipes!L:L) -> 590.0094 | L13: =SUMIFS(Recipes!$L:$L,Recipes!$D:$D,Consolidate!$E13,Recipes!$A:$A,Consolidate!$B13) -> 0 | M13: =K13-L13 -> 590.0094
A14: =A13+1 -> 12 | B14: Anda Chana | C14: =VLOOKUP(B14,Recipes!A:B,2,0) -> Side Dish | D14: =VLOOKUP(B14,Recipes!A:C,3,0) -> Daal / Chana | E14: =VLOOKUP(B14,Recipes!A:J,10,0) -> 0 | F14: =VLOOKUP(B14,Recipes!A:I,9,0) -> 20 Eggs | G14: =SUMIF(Recipes!A:A,Consolidate!B14,Recipes!H:H) -> 2424.3863 | H14: =SUMIFS(Recipes!$H:$H,Recipes!$D:$D,Consolidate!$E14,Recipes!$A:$A,Consolidate!$B14) -> 0 | I14: =G14-H14 -> 2424.3863 | K14: =SUMIF(Recipes!A:A,Consolidate!B14,Recipes!L:L) -> 2319.29 | L14: =SUMIFS(Recipes!$L:$L,Recipes!$D:$D,Consolidate!$E14,Recipes!$A:$A,Consolidate!$B14) -> 0 | M14: =K14-L14 -> 2319.29
A15: =A14+1 -> 13 | B15: Anda Cut | C15: =VLOOKUP(B15,Recipes!A:B,2,0) -> Side Dish | D15: =VLOOKUP(B15,Recipes!A:C,3,0) -> Gravy | E15: =VLOOKUP(B15,Recipes!A:J,10,0) -> 0 | F15: =VLOOKUP(B15,Recipes!A:I,9,0) -> 6 Eggs | G15: =SUMIF(Recipes!A:A,Consolidate!B15,Recipes!H:H) -> 266.04 | H15: =SUMIFS(Recipes!$H:$H,Recipes!$D:$D,Consolidate!$E15,Recipes!$A:$A,Consolidate!$B15) -> 0 | I15: =G15-H15 -> 266.04 | K15: =SUMIF(Recipes!A:A,Consolidate!B15,Recipes!L:L) -> 246.03 | L15: =SUMIFS(Recipes!$L:$L,Recipes!$D:$D,Consolidate!$E15,Recipes!$A:$A,Consolidate!$B15) -> 0 | M15: =K15-L15 -> 246.03
... A415: =A414+1 -> 413 | B415: Mini Samosa | C415: =VLOOKUP(B415,Recipes!A:B,2,0) -> Appetizer | D415: =VLOOKUP(B415,Recipes!A:C,3,0) -> Without Meat | E415: =VLOOKUP(B415,Recipes!A:J,10,0) -> 0 | F415: =VLOOKUP(B415,Recipes!A:I,9,0) -> Pcs | G415: =SUMIF(Recipes!A:A,Consolidate!B415,Recipes!H:H) -> 16.30082 | H415: =SUMIFS(Recipes!$H:$H,Recipes!$D:$D,Consolidate!$E415,Recipes!$A:$A,Consolidate!$B415) -> 0 | I415: =G415-H415 -> 16.30082 | K415: =SUMIF(Recipes!A:A,Consolidate!B415,Recipes!L:L) -> 16.552187 | L415: =SUMIFS(Recipes!$L:$L,Recipes!$D:$D,Consolidate!$E415,Recipes!$A:$A,Consolidate!$B415) -> 0 | M415: =K415-L415 -> 16.552187

Sheet Average Rates
C1: BBQ | D1: SITE
A2: Dish Category | B2: Dish Type | C2: Average Rates | D2: Average Rates
A4: Appetizer | B4: With Meat | C4: =AVERAGEIFS(Consolidate!G:G,Consolidate!D:D,'Average Rates'!B4,Consolidate!C:C,'Average Rates'!A4) -> 22.658851 | D4: =AVERAGEIFS(Consolidate!K:K,Consolidate!D:D,'Average Rates'!B4,Consolidate!C:C,'Average Rates'!A4) -> 23.102548
A5: Appetizer | B5: Without Meat | C5: =AVERAGEIFS(Consolidate!G:G,Consolidate!D:D,'Average Rates'!B5,Consolidate!C:C,'Average Rates'!A5) -> 20.2734 | D5: =AVERAGEIFS(Consolidate!K:K,Consolidate!D:D,'Average Rates'!B5,Consolidate!C:C,'Average Rates'!A5) -> 18.83354
A6: Appetizer | B6: French Fries | C6: =AVERAGEIFS(Consolidate!G:G,Consolidate!D:D,'Average Rates'!B6,Consolidate!C:C,'Average Rates'!A6) -> 169.426 | D6: =AVERAGEIFS(Consolidate!K:K,Consolidate!D:D,'Average Rates'!B6,Consolidate!C:C,'Average Rates'!A6) -> 190.55
A7: Appetizer | B7: Cracker | C7: =AVERAGEIFS(Consolidate!G:G,Consolidate!D:D,'Average Rates'!B7,Consolidate!C:C,'Average Rates'!A7) -> 491.336 | D7: =AVERAGEIFS(Consolidate!K:K,Consolidate!D:D,'Average Rates'!B7,Consolidate!C:C,'Average Rates'!A7) -> 497
A8: Beverages | B8: Cold Drink | C8: =AVERAGEIFS(Consolidate!G:G,Consolidate!D:D,'Average Rates'!B8,Consolidate!C:C,'Average Rates'!A8) -> 50 | D8: =AVERAGEIFS(Consolidate!K:K,Consolidate!D:D,'Average Rates'!B8,Consolidate!C:C,'Average Rates'!A8) -> 50
A9: Beverages | B9: Cold Drink Tin | C9: =AVERAGEIFS(Consolidate!G:G,Consolidate!D:D,'Average Rates'!B9,Consolidate!C:C,'Average Rates'!A9) -> 66 | D9: =AVERAGEIFS(Consolidate!K:K,Consolidate!D:D,'Average Rates'!B9,Consolidate!C:C,'Average Rates'!A9) -> 66
A10: Beverages | B10: Detox Drink | C10: =AVERAGEIFS(Consolidate!G:G,Consolidate!D:D,'Average Rates'!B10,Consolidate!C:C,'Average Rates'!A10) -> 10 | D10: =AVERAGEIFS(Consolidate!K:K,Consolidate!D:D,'Average Rates'!B10,Consolidate!C:C,'Average Rates'!A10) -> 10
A11: Beverages | B11: Fresh Juice | C11: =AVERAGEIFS(Consolidate!G:G,Consolidate!D:D,'Average Rates'!B11,Consolidate!C:C,'Average Rates'!A11) -> 57.19475 | D11: =AVERAGEIFS(Consolidate!K:K,Consolidate!D:D,'Average Rates'!B11,Consolidate!C:C,'Average Rates'!A11) -> 46.686714
A12: Beverages | B12: Hot Beverage | C12: =AVERAGEIFS(Consolidate!G:G,Consolidate!D:D,'Average Rates'!B12,Consolidate!C:C,'Average Rates'!A12) -> 94.51575 | D12: =AVERAGEIFS(Consolidate!K:K,Consolidate!D:D,'Average Rates'!B12,Consolidate!C:C,'Average Rates'!A12) -> 64.36075
A13: Beverages | B13: Lassi | C13: =AVERAGEIFS(Consolidate!G:G,Consolidate!D:D,'Average Rates'!B13,Consolidate!C:C,'Average Rates'!A13) -> 540.525 | D13: =AVERAGEIFS(Consolidate!K:K,Consolidate!D:D,'Average Rates'!B13,Consolidate!C:C,'Average Rates'!A13) -> 649.15
A14: Beverages | B14: Nestle Juice 1 Ltr | C14: =AVERAGEIFS(Consolidate!G:G,Consolidate!D:D,'Average Rates'!B14,Consolidate!C:C,'Average Rates'!A14) -> 260 | D14: =AVERAGEIFS(Consolidate!K:K,Consolidate!D:D,'Average Rates'!B14,Consolidate!C:C,'Average Rates'!A14) -> 260
A15: Beverages | B15: Nestle Juice 250ml | C15: =AVERAGEIFS(Consolidate!G:G,Consolidate!D:D,'Average Rates'!B15,Consolidate!C:C,'Average Rates'!A15) -> 45 | D15: =AVERAGEIFS(Consolidate!K:K,Consolidate!D:D,'Average Rates'!B15,Consolidate!C:C,'Average Rates'!A15) -> 45
... A31: Dessert | B31: Kulfi | C31: =AVERAGEIFS(Consolidate!G:G,Consolidate!D:D,'Average Rates'!B31,Consolidate!C:C,'Average Rates'!A31) -> 70 | D31: =AVERAGEIFS(Consolidate!K:K,Consolidate!D:D,'Average Rates'!B31,Consolidate!C:C,'Average Rates'!A31) -> 70
A32: Beef Cube | B32: Gravy | C32: =AVERAGEIFS(Consolidate!G:G,Consolidate!E:E,'Average Rates'!A32,Consolidate!D:D,'Average Rates'!B32) -> 1138.3294 | D32: =AVERAGEIFS(Consolidate!K:K,Consolidate!D:D,'Average Rates'!B32,Consolidate!E:E,'Average Rates'!A32) -> 1292.2419
A33: Beef Cube | B33: Rice | C33: =AVERAGEIFS(Consolidate!G:G,Consolidate!E:E,'Average Rates'!A33,Consolidate!D:D,'Average Rates'!B33) -> 1437.3646 | D33: =AVERAGEIFS(Consolidate!K:K,Consolidate!D:D,'Average Rates'!B33,Consolidate!E:E,'Average Rates'!A33) -> 1562.5789
A34: Beef Boneless | B34: BBQ | C34: =AVERAGEIFS(Consolidate!G:G,Consolidate!E:E,'Average Rates'!A34,Consolidate!D:D,'Average Rates'!B34) -> 1363.9629 | D34: =AVERAGEIFS(Consolidate!K:K,Consolidate!D:D,'Average Rates'!B34,Consolidate!E:E,'Average Rates'!A34) -> 1343.1938
A35: Beef Boneless | B35: Dry | C35: =AVERAGEIFS(Consolidate!G:G,Consolidate!E:E,'Average Rates'!A35,Consolidate!D:D,'Average Rates'!B35) -> 684.51703 | D35: =AVERAGEIFS(Consolidate!K:K,Consolidate!D:D,'Average Rates'!B35,Consolidate!E:E,'Average Rates'!A35) -> 639.34238
A36: Beef Boneless | B36: Fried | C36: =AVERAGEIFS(Consolidate!G:G,Consolidate!E:E,'Average Rates'!A36,Consolidate!D:D,'Average Rates'!B36) -> 1285.5287 | D36: =AVERAGEIFS(Consolidate!K:K,Consolidate!D:D,'Average Rates'!B36,Consolidate!E:E,'Average Rates'!A36) -> 1321.3245
A37: Beef Boneless | B37: Gravy | C37: =AVERAGEIFS(Consolidate!G:G,Consolidate!E:E,'Average Rates'!A37,Consolidate!D:D,'Average Rates'!B37) -> 1413.506 | D37: =AVERAGEIFS(Consolidate!K:K,Consolidate!D:D,'Average Rates'!B37,Consolidate!E:E,'Average Rates'!A37) -> 1384.1587
A38: Beef Boneless | B38: Grilled | C38: =AVERAGEIFS(Consolidate!G:G,Consolidate!E:E,'Average Rates'!A38,Consolidate!D:D,'Average Rates'!B38) -> 1342.7236 | D38: =AVERAGEIFS(Consolidate!K:K,Consolidate!D:D,'Average Rates'!B38,Consolidate!E:E,'Average Rates'!A38) -> 1267.9983
A39: Chicken Bone In | B39: BBQ | C39: =AVERAGEIFS(Consolidate!G:G,Consolidate!E:E,'Average Rates'!A39,Consolidate!D:D,'Average Rates'!B39) -> 852.66322 | D39: =AVERAGEIFS(Consolidate!K:K,Consolidate!D:D,'Average Rates'!B39,Consolidate!E:E,'Average Rates'!A39) -> 958.47891
A40: Chicken Bone In | B40: Dry | C40: =AVERAGEIFS(Consolidate!G:G,Consolidate!E:E,'Average Rates'!A40,Consolidate!D:D,'Average Rates'!B40) -> 790.2614 | D40: =AVERAGEIFS(Consolidate!K:K,Consolidate!D:D,'Average Rates'!B40,Consolidate!E:E,'Average Rates'!A40) -> 844.915
A41: Chicken Bone In | B41: Fried | C41: =AVERAGEIFS(Consolidate!G:G,Consolidate!E:E,'Average Rates'!A41,Consolidate!D:D,'Average Rates'!B41) -> 846.93306 | D41: =AVERAGEIFS(Consolidate!K:K,Consolidate!D:D,'Average Rates'!B41,Consolidate!E:E,'Average Rates'!A41) -> 1034.6894
A42: Chicken Bone In | B42: Gravy | C42: =AVERAGEIFS(Consolidate!G:G,Consolidate!E:E,'Average Rates'!A42,Consolidate!D:D,'Average Rates'!B42) -> 996.10139 | D42: =AVERAGEIFS(Consolidate!K:K,Consolidate!D:D,'Average Rates'!B42,Consolidate!E:E,'Average Rates'!A42) -> 1087.9274
A43: Chicken Bone In | B43: Grilled | C43: =AVERAGEIFS(Consolidate!G:G,Consolidate!E:E,'Average Rates'!A43,Consolidate!D:D,'Average Rates'!B43) -> 915.68591 | D43: =AVERAGEIFS(Consolidate!K:K,Consolidate!D:D,'Average Rates'!B43,Consolidate!E:E,'Average Rates'!A43) -> 978.63605
... A67: Prawn | B67: Rice | C67: =AVERAGEIFS(Consolidate!G:G,Consolidate!E:E,'Average Rates'!A67,Consolidate!D:D,'Average Rates'!B67) -> 2500.5406 | D67: =AVERAGEIFS(Consolidate!K:K,Consolidate!D:D,'Average Rates'!B67,Consolidate!E:E,'Average Rates'!A67) -> 2062.805
A68: Roti & Paratha | B68: Aloo Paratha | C68: =AVERAGEIFS(Consolidate!G:G,Consolidate!D:D,'Average Rates'!B68,Consolidate!C:C,'Average Rates'!A68) -> 34.18817 | D68: =AVERAGEIFS(Consolidate!K:K,Consolidate!D:D,'Average Rates'!B68,Consolidate!C:C,'Average Rates'!A68) -> 36.1815
A69: Roti & Paratha | B69: Bread White | C69: =AVERAGEIFS(Consolidate!G:G,Consolidate!D:D,'Average Rates'!B69,Consolidate!C:C,'Average Rates'!A69) -> 10.135625 | D69: =AVERAGEIFS(Consolidate!K:K,Consolidate!D:D,'Average Rates'!B69,Consolidate!C:C,'Average Rates'!A69) -> 9.8933333
A70: Roti & Paratha | B70: Chapati | C70: =AVERAGEIFS(Consolidate!G:G,Consolidate!D:D,'Average Rates'!B70,Consolidate!C:C,'Average Rates'!A70) -> 8.5139678 | D70: =AVERAGEIFS(Consolidate!K:K,Consolidate!D:D,'Average Rates'!B70,Consolidate!C:C,'Average Rates'!A70) -> 8.5437558
A71: Roti & Paratha | B71: Garlic Bread | C71: =AVERAGEIFS(Consolidate!G:G,Consolidate!D:D,'Average Rates'!B71,Consolidate!C:C,'Average Rates'!A71) -> 10.405625 | D71: =AVERAGEIFS(Consolidate!K:K,Consolidate!D:D,'Average Rates'!B71,Consolidate!C:C,'Average Rates'!A71) -> 10.203333
A72: Roti & Paratha | B72: Kachori | C72: =AVERAGEIFS(Consolidate!G:G,Consolidate!D:D,'Average Rates'!B72,Consolidate!C:C,'Average Rates'!A72) -> 13.60386 | D72: =AVERAGEIFS(Consolidate!K:K,Consolidate!D:D,'Average Rates'!B72,Consolidate!C:C,'Average Rates'!A72) -> 13.867148
A73: Roti & Paratha | B73: Naan | C73: =AVERAGEIFS(Consolidate!G:G,Consolidate!D:D,'Average Rates'!B73,Consolidate!C:C,'Average Rates'!A73) -> 37.928873 | D73: =AVERAGEIFS(Consolidate!K:K,Consolidate!D:D,'Average Rates'!B73,Consolidate!C:C,'Average Rates'!A73) -> 38.239584
A74: Roti & Paratha | B74: Paratha | C74: =AVERAGEIFS(Consolidate!G:G,Consolidate!D:D,'Average Rates'!B74,Consolidate!C:C,'Average Rates'!A74) -> 21.774938 | D74: =AVERAGEIFS(Consolidate!K:K,Consolidate!D:D,'Average Rates'!B74,Consolidate!C:C,'Average Rates'!A74) -> 22.630895
A75: Roti & Paratha | B75: Puri | C75: =AVERAGEIFS(Consolidate!G:G,Consolidate!D:D,'Average Rates'!B75,Consolidate!C:C,'Average Rates'!A75) -> 18.64423 | D75: =AVERAGEIFS(Consolidate!K:K,Consolidate!D:D,'Average Rates'!B75,Consolidate!C:C,'Average Rates'!A75) -> 19.172
A76: Chicken Boneless | B76: Chicken Paratha | C76: =AVERAGEIFS(Consolidate!G:G,Consolidate!E:E,'Average Rates'!A76,Consolidate!D:D,'Average Rates'!B76) -> 171.41508 | D76: =AVERAGEIFS(Consolidate!K:K,Consolidate!D:D,'Average Rates'!B76,Consolidate!E:E,'Average Rates'!A76) -> 185.33343
A77: Salad | B77: Chaat | C77: =AVERAGEIFS(Consolidate!G:G,Consolidate!D:D,'Average Rates'!B77,Consolidate!C:C,'Average Rates'!A77) -> 31.208 | D77: =AVERAGEIFS(Consolidate!K:K,Consolidate!D:D,'Average Rates'!B77,Consolidate!C:C,'Average Rates'!A77) -> 39.599969
A78: Salad | B78: With Meat | C78: =AVERAGEIFS(Consolidate!G:G,Consolidate!D:D,'Average Rates'!B78,Consolidate!C:C,'Average Rates'!A78) -> 1846.4765 | D78: =AVERAGEIFS(Consolidate!K:K,Consolidate!D:D,'Average Rates'!B78,Consolidate!C:C,'Average Rates'!A78) -> 1464.114
A79: Salad | B79: Without Meat | C79: =AVERAGEIFS(Consolidate!G:G,Consolidate!D:D,'Average Rates'!B79,Consolidate!C:C,'Average Rates'!A79) -> 793.46762 | D79: =AVERAGEIFS(Consolidate!K:K,Consolidate!D:D,'Average Rates'!B79,Consolidate!C:C,'Average Rates'!A79) -> 603.21794
A80: Side Dish | B80: BBQ | C80: =AVERAGEIFS(Consolidate!G:G,Consolidate!D:D,'Average Rates'!B80,Consolidate!C:C,'Average Rates'!A80) -> 140.86796 | D80: =AVERAGEIFS(Consolidate!K:K,Consolidate!D:D,'Average Rates'!B80,Consolidate!C:C,'Average Rates'!A80) -> 186.5522
A81: Side Dish | B81: Daal / Chana | C81: =AVERAGEIFS(Consolidate!G:G,Consolidate!D:D,'Average Rates'!B81,Consolidate!C:C,'Average Rates'!A81) -> 727.15062 | D81: =AVERAGEIFS(Consolidate!K:K,Consolidate!D:D,'Average Rates'!B81,Consolidate!C:C,'Average Rates'!A81) -> 690.37629
A82: Side Dish | B82: Dry | C82: =AVERAGEIFS(Consolidate!G:G,Consolidate!D:D,'Average Rates'!B82,Consolidate!C:C,'Average Rates'!A82) -> 537.07702 | D82: =AVERAGEIFS(Consolidate!K:K,Consolidate!D:D,'Average Rates'!B82,Consolidate!C:C,'Average Rates'!A82) -> 498.3394
A83: Side Dish | B83: Fried | C83: =AVERAGEIFS(Consolidate!G:G,Consolidate!D:D,'Average Rates'!B83,Consolidate!C:C,'Average Rates'!A83) -> 292.13836 | D83: =AVERAGEIFS(Consolidate!K:K,Consolidate!D:D,'Average Rates'!B83,Consolidate!C:C,'Average Rates'!A83) -> 321.31833
A84: Side Dish | B84: Gravy | C84: =AVERAGEIFS(Consolidate!G:G,Consolidate!D:D,'Average Rates'!B84,Consolidate!C:C,'Average Rates'!A84) -> 615.98473 | D84: =AVERAGEIFS(Consolidate!K:K,Consolidate!D:D,'Average Rates'!B84,Consolidate!C:C,'Average Rates'!A84) -> 700.88068
A85: Side Dish | B85: Rice | C85: =AVERAGEIFS(Consolidate!G:G,Consolidate!D:D,'Average Rates'!B85,Consolidate!C:C,'Average Rates'!A85) -> 665.31588 | D85: =AVERAGEIFS(Consolidate!K:K,Consolidate!D:D,'Average Rates'!B85,Consolidate!C:C,'Average Rates'!A85) -> 624.84337
A86: Side Dish | B86: Singaporean Rice | C86: =AVERAGEIFS(Consolidate!G:G,Consolidate!D:D,'Average Rates'!B86,Consolidate!C:C,'Average Rates'!A86) -> 1314.6132 | D86: =AVERAGEIFS(Consolidate!K:K,Consolidate!D:D,'Average Rates'!B86,Consolidate!C:C,'Average Rates'!A86) -> 1274.1813
A87: Soup | B87: With Meat | C87: =AVERAGEIFS(Consolidate!G:G,Consolidate!D:D,'Average Rates'!B87,Consolidate!C:C,'Average Rates'!A87) -> 77.564662 | D87: =AVERAGEIFS(Consolidate!K:K,Consolidate!D:D,'Average Rates'!B87,Consolidate!C:C,'Average Rates'!A87) -> 102.42536
A88: Soup | B88: Without Meat | C88: =AVERAGEIFS(Consolidate!G:G,Consolidate!D:D,'Average Rates'!B88,Consolidate!C:C,'Average Rates'!A88) -> 43.813 | D88: =AVERAGEIFS(Consolidate!K:K,Consolidate!D:D,'Average Rates'!B88,Consolidate!C:C,'Average Rates'!A88) -> 39.051

Sheet Category Wise
A1: Category Wise Summary
A2: Dish Category | B2: Dish Type | C2: No Of Count
A3: Appetizer | B3: With Meat | C3: =COUNTIFS(Consolidate!C:C,'Category Wise'!A3,Consolidate!D:D,'Category Wise'!B3) -> 6
A4: Appetizer | B4: Without Meat | C4: =COUNTIFS(Consolidate!C:C,'Category Wise'!A4,Consolidate!D:D,'Category Wise'!B4) -> 5
A5: Beverages | B5: Beverages | C5: =COUNTIFS(Consolidate!C:C,'Category Wise'!A5,Consolidate!D:D,'Category Wise'!B5) -> 0
A6: Beverages | B6: Fresh Juice | C6: =COUNTIFS(Consolidate!C:C,'Category Wise'!A6,Consolidate!D:D,'Category Wise'!B6) -> 4
A7: Beverages | B7: Juice | C7: =COUNTIFS(Consolidate!C:C,'Category Wise'!A7,Consolidate!D:D,'Category Wise'!B7) -> 0
A8: Beverages | B8: Lassi | C8: =COUNTIFS(Consolidate!C:C,'Category Wise'!A8,Consolidate!D:D,'Category Wise'!B8) -> 2
A9: Beverages | B9: Tea | C9: =COUNTIFS(Consolidate!C:C,'Category Wise'!A9,Consolidate!D:D,'Category Wise'!B9) -> 0
A10: Chatni & Sauces | B10: Chatni & Sauces | C10: =COUNTIFS(Consolidate!C:C,'Category Wise'!A10,Consolidate!D:D,'Category Wise'!B10) -> 11
A11: Dessert | B11: Bakery | C11: =COUNTIFS(Consolidate!C:C,'Category Wise'!A11,Consolidate!D:D,'Category Wise'!B11) -> 9
A12: Dessert | B12: Dessert | C12: =COUNTIFS(Consolidate!C:C,'Category Wise'!A12,Consolidate!D:D,'Category Wise'!B12) -> 22
A13: Dessert | B13: Dry | C13: =COUNTIFS(Consolidate!C:C,'Category Wise'!A13,Consolidate!D:D,'Category Wise'!B13) -> 6
A14: Dessert | B14: Halwa | C14: =COUNTIFS(Consolidate!C:C,'Category Wise'!A14,Consolidate!D:D,'Category Wise'!B14) -> 0
... A34: Soup | B34: Without Meat | C34: =COUNTIFS(Consolidate!C:C,'Category Wise'!A34,Consolidate!D:D,'Category Wise'!B34) -> 1
B36: Total Dishes | C36: =SUM(C3:C35) -> 337

Sheet Ingredients
E1: 45161 | F1: 45192
A2: S. # | B2: Ingredients | C2: Site Items | D2: Review Frequency | E2: Rates | G2: Site Rates
A3: 15 | B3: Tullo Oil 16 Ltr | C3: COOKING OIL 16LTR | E3: 8500 | F3: =E3/16 -> 531.25 | G3: 550
A4: 163 | B4: Banaspati Ghee 16 Kg | C4: COOKING OIL 16LTR | E4: 8500 | F4: =E4/16 -> 531.25 | G4: 8800 | H4: =G4/16 -> 550
A5: 214 | B5: Bisco Ghee 16kg | C5: COOKING OIL 16LTR | E5: 8500 | F5: =E5/16 -> 531.25 | G5: 8800 | H5: =G5/16 -> 550
A6: 38 | B6: Javetri | C6: MACE (JAWETRI) | E6: 6500 | G6: 6500
A7: 141 | B7: Pista | C7: PISTACHIO | E7: 6500 | G7: 6200
A8: 43 | B8: Olive Oil Mundial | C8: OLIVE OIL | E8: 5432.77 | G8: 3200
A9: 140 | B9: Cardamom (s) Kg | C9: CARDAMOM GREEN | E9: 5000 | G9: 3200
A10: 296 | C10: Sun Dried Tomatoes | E10: 4500 | G10: 4500
A11: 174 | B11: Cardamom (l) Kg | C11: CARDAMOM BLACK | E11: 4000 | G11: 2900
A12: 138 | B12: Chocolate Essence Bottle | C12: Chocolate Essence Bottle | E12: 3690 | G12: 4000
A13: 165 | B13: Long Seed | C13: CLOVE | E13: 3600 | G13: 3400
A14: 189 | B14: Kajo Kg | C14: CASHEW NUT (KAJU) | E14: 3000 | G14: 2900
A15: 175 | B15: Seekh Kabab Masala | C15: TIKKA MASALA KG | E15: 2848.84 | G15: 2643.68
A16: 212 | B16: Nescafe 220gm Coffee | C16: COFFEE 200GM | E16: 1920 | F16: =E16/0.2 -> 9600 | G16: 9600
A17: 28 | B17: Zeera Seeds | C17: CUMIN SEED WHITE | E17: 2400 | G17: 1600
A18: 87 | B18: White Paper Powder Kg | C18: WHITE PEPPER PWD | E18: 2300 | G18: 2150
A19: 192 | B19: Dagi Mirch Powder Kg | C19: RED CHILLI PWD KG | E19: 2200 | G19: 1500
A20: 193 | B20: Black Zeera | C20: BLACK ZEERA | E20: 2200 | G20: 1400
A21: 54 | B21: White Paper Seed | C21: WHITE PEPPER PWD | E21: 2100 | G21: 2150
A22: 130 | B22: CREAM CHEESE BOX | C22: CREAM CHEESE BOX | E22: 2100 | G22: 2100
A23: 36 | B23: Hot Spice Powder. | C23: GARAM MASALA | E23: 2000 | G23: 1900
A24: 96 | B24: Almond (badam) | C24: ALMOND | E24: 2000 | G24: 2080
A25: 228 | B25: Walnut (akhrot) | C25: Walnut (akhrot) | E25: 2000 | G25: 2400
A26: 243 | B26: Mutton Boneless Cut | C26: MUTTON BONELESS | E26: 1958 | G26: 2200
A27: 85 | B27: Mutton Boneless | C27: MUTTON BONELESS | E27: 1957.5 | G27: 2200
A28: 33 | B28: Jaifal Seed | C28: NUTMEG WHOLE (JAIFAL) | E28: 1900 | G28: 1900
... A58: 220 | B58: Rabri | C58: Rabri | E58: 1900 | G58: 1900
A59: 77 | B59: Cheese Slice 1kg | C59: CHEESE SLICE 800GM | E59: 1296 | F59: =E59/0.8 -> 1620 | G59: 1296
A60: 124 | B60: Milk Powder Kg | C60: EVERYDAY MILK PWD 2KG | E60: 1260 | G60: 1280
A61: 50 | B61: Chadder Cheese | C61: CHEESE CHEDDAR 2KG | E61: 1224.07 | F61: =E61/2 -> 612.035 | G61: 1224.73
A62: 259 | B62: Biryani Essence | C62: Biryani Essence | E62: 1200 | G62: 1200
A63: 217 | B63: Sonf Seed | C63: ANISE SEED | E63: 1150 | G63: 1100
A64: 65 | B64: Chicken Powder Kg | C64: CHICKEN PWD 1000GM | E64: 1113.51 | G64: 1066.33
A65: 76 | B65: Chili Sauce 5 Ltr | C65: CHILLI SAUCE 750ML | E65: 1100 | G65: 1100
A66: 216 | B66: Sount (Sukha adrak kg | C66: Sount (Sukha adrak kg | E66: 1100 | G66: 1100
A67: 224 | B67: Rasgulla | C67: Rasgulla | E67: 1100 | G67: 1100
A68: 231 | B68: Mutton Paya | C68: MUTTON PAYA | E68: 1100 | G68: 480
A69: 284 | B69: Cham Cham | C69: CHAM CHAM | E69: 1100 | G69: 1100
A70: 253 | B70: Vanilla Essance (large) | C70: Vanilla Essance (large) | E70: 1080 | G70: 850
A71: 112 | B71: Red Snapper RAW | C71: Red Snapper RAW | E71: 1074.91 | G71: 1191.74
A72: 281 | B72: Char Maghaz Kg | C72: Char Maghaz Kg | E72: 1050 | G72: 1050
A73: 30 | B73: Beef Boneless | C73: BEEF BONELESS | E73: 1020 | G73: 1000
... A111: 88 | B111: Mayonnaise 1KG | C111: MAYONNAISE 2KG | E111: 580 | G111: 580
A112: 90 | B112: Black Olives Small 340 gm | C112: OLIVE BLACK 450GM | E112: 560.43 | F112: =E112/0.34 -> 1648.3235 | G112: 2350
A113: 34 | B113: Origanum 500gms | C113: Origanum 500gms | E113: 550 | G113: 550
A114: 56 | B114: Zarda Colour Pkt | C114: ZARDA COLOR | E114: 550 | G114: 450
A115: 129 | B115: Comelle Milk | C115: CONDENSED MILK 397GM | E115: 550 | G115: 648.15
A116: 204 | B116: Oregano Pwd | C116: Oregano Pwd | E116: 5000 | G116: 5000
A117: 186 | B117: Honey 500ml | C117: HONEY YOUNGS 250GM | E117: 1200 | G117: 1500
A118: 203 | B118: Red Bean Kg | C118: RED KIDNEY BEANS | E118: 525 | G118: 430
A119: 210 | B119: Brown Suger Sachet. | C119: BROWN SUGAR 300GM | E119: 520.83 | G119: 520.83
A120: 32 | B120: Coconut Powder | C120: COCONUT PWD | E120: 520 | G120: 880
A121: 46 | B121: Mustard Paste | C121: MUSTARD PASTE | E121: 515 | G121: 540
A122: 245 | B122: Quaker Porridge Tin | C122: WHEAT PORRIDGE | E122: 510 | G122: 520
A123: 37 | B123: Fat S Kabab | C123: FAT (CHARBI) | E123: 500 | G123: 500
A124: 51 | B124: Fat Afk | C124: FAT (CHARBI) | E124: 500 | G124: 500
... A130: 127 | B130: Pinapple Slice | C130: PINEAPPLE SLICE 565GM | E130: 485 | G130: 550
A131: 1 | B131: Apple Vinegar | C131: Apple Vinegar | E131: 480 | F131: 500 | G131: 312.95
A132: 215 | B132: WHITE CHUNA POWDER | C132: WHITE CHUNA POWDER | E132: 480 | G132: 480
A133: 182 | B133: Daal Mash | C133: DAAL MASH | E133: 475 | G133: 445
A134: 136 | B134: Sugar Sucral | C134: Sugar Sucral | E134: 470 | G134: 357.42
A135: 289 | B135: Nurpur Butter 200grm | C135: BUTTER 200GM | E135: 460 | G135: 398
A136: 208 | B136: Mineral Water 1.5 Litre | C136: MINERAL WATER 1.5LTR | E136: 454 | G136: 394
A137: 196 | B137: Achar | C137: MIX PICKLE 400GM | E137: 450 | G137: 450
A138: 197 | B138: Straw Berry | C138: Straw Berry | E138: 450 | G138: 230
A139: 49 | B139: Dhaniya Seeds | C139: CORIANDER WHOLE | E139: 440 | G139: 450
A140: 116 | B140: Bread Crums Kg | C140: BREAD CRUMB | E140: 440 | G140: 440
A141: 57 | B141: Nestle LEMON powder JUICE 500gm | C141: Nestle LEMON powder JUICE 500gm | E141: 425 | G141: 850
A142: 207 | B142: Mineral Water 500 Ml | C142: MINERAL WATER 500ML | E142: 422 | G142: 35
A143: 132 | B143: Eka Powder | C143: Eka Powder | E143: 420 | G143: 410
... A159: 71 | B159: Basmati Rice | C159: RICE SAILA | E159: 344 | G159: 344
A160: 135 | B160: Milk pak (1.5ltr) | C160: MILK OLPER'S 1LTR | E160: 343.75 | F160: =E160/1.5 -> 229.16667 | G160: 220.84
A161: 278 | B161: Pasta Riggia Pkt | C161: MACRONI ASSORTED 400GM | E161: 338 | G161: 1375
A162: 274 | B162: Imli Chatni | C162: Imli Chatni | E162: 337.175 | G162: 337.175
A163: 109 | B163: Cheese Round 200gm | C163: CHEESE COTTAGE 200GM | E163: =330/0.2 -> 1650 | G163: 1650
A164: 82 | B164: French Fries Raw | C164: French Fries Raw | E164: 323.75 | G164: #N/A
A165: 225 | B165: Vinegar Dittu Botl | C165: VINEGAR 750ML | E165: 320 | G165: 179
A166: 291 | B166: White Bean Kg | C166: BLACK EYE BEANS | E166: 320 | G166: 320
A167: 282 | B167: ROLL PATTI | C167: ROLL PATTI | E167: 311.5 | G167: 312
A168: 148 | B168: ICING SUGAR 300 GM PKT | C168: ICING SUGAR KG | E168: 310 | G168: 310
A169: 59 | B169: Yogurt | C169: Yogurt | E169: 305 | G169: 300
A170: 266 | B170: Chilli Garlic - 1 Kg | C170: CHILLI GARLIC SAUCE 5KG | E170: 302.49 | G170: 302
A171: 156 | B171: White Chana Small | C171: CHICK PEAS WHITE 12MM | E171: 300 | G171: 315
A172: 201 | B172: Lettuce (Salad Patta) | C172: Lettuce (Salad Patta) | E172: 300 | G172: 100
A173: 251 | B173: Fresh Fruit | C173: Fresh Fruit | E173: 300 | G173: 300
A174: 146 | B174: Rooh Afza | C174: ROOH AFZA | E174: 291.66 | G174: 291.66
A175: 111 | B175: Food Colour Small | C175: FOOD COLOUR 28ML | E175: 290 | G175: 290
A176: 91 | B176: Zafran | C176: Zafran | E176: 280 | G176: 14870
... A227: 123 | B227: Fine Flour | C227: AATA FINE | E227: 153.98 | G227: 152
A228: 297 | C228: AATA CHAKKI | E228: 153 | G228: 152
A229: 178 | B229: Wheat (gundum) | C229: WHEAT WHOLE | E229: 150 | G229: 142
A230: 5 | B230: Sugar | C230: SUGAR | E230: 149 | G230: 123
A231: 150 | B231: SUGAR | C231: SUGAR | E231: 149 | G231: 123
A232: 263 | B232: BANANA JELLY-80GMS | C232: JELLY ASSORTED | E232: 145 | G232: 1350
A233: 100 | B233: Golden Apple. | C233: APPLE GOLDEN | E233: 142.85 | G233: #N/A
A234: 293 | B234: Golden Apple. | C234: Apple | E234: 142.85 | G234: 142.85
A235: 223 | B235: TEMPURA PKT | C235: TEMPURA PKT | E235: 142.4 | G235: 1424
A236: 7 | B236: Cauliflower (Phool Gobi) | C236: Cauliflower (Phool Gobi) | E236: 140 | G236: 200
...
